,0
0,deft123456
1,Tar2an
2,SKT T1 Untara
3,yizhiyu
4,11 14 9 7 8 20
5,Longzhu Cuzz
6,LPL noob ad QAQ
7,Hide on bush
8,ROX Iava
9,bbq Tempt
10,bbq bono33
11,K T
12,아라가키 유이
13,Afreeca Aiming
14,DWG Nuguri
15,KT MATA
16,T 1 a n
17,DWG BeryL
18,MVP ADD
19,Kingen
20,YM  zhongdan
21,박투신
22,Yaharong
23,Megalia
24,MataMataMata
25,DWG ShowMaker
26,Sakura Devil
27,PawN God
28,아이러니
29,뒷텔와드점
30,UaoDE0
31,츠코파이
32,6학년4반장용준
33,푸딩은푸딩해
34,FeelsPepsiMan
35,담원 너구리
36,find myself
37,SnakeLight
38,FeelsWowMan
39,IGS Doran
40,슬프다고말하면
41,담원 크러쉬
42,twice손채영
43,호잇이
44,160810
45,피넛사냥개1
46,KDM SSol
47,로리쇼타조아욘
48,빅파이초코파이
49,백수 Rain1ng
50,KDM Roach
51,IgNar
52,Afreeca Summit
53,real gankster
54,Afreeca Kramer
55,단군의청춘부재
56,FeelsG00DMan
57,학식먹을나이
58,KDM U jun
59,송하영 팬
60,Cuz2
61,양갱뿌
62,H Dean
63,So1o
64,은종섭
65,ROX Hoon
66,FeelsSosoMan
67,43480287del
68,MVP Ian
69,FVV BETTY
70,구직자 쭈스
71,원딜둥이
72,남 탓 보 다 반성
73,커닝시티 피그미
74,천점못찍는벌레
75,담원 얼라이브
76,토마토페이스트
77,Afreeca M0wgli
78,appearflawless
79,먹는건즐거워
80,쪼렙이다말로하자
81,Kerla
82,GabrielCRO
83,오뚜기3분미트볼
84,미율치에오
85,멘탈과실력을겸비
86,RVS Poss
87,진에어 테디
88,루시퍼메이데이
89,진쟤승
90,오억만
91,Dutch Coffee
92,XinyiQAQ
93, hf ghkyu
94,fengquyunbuhui
95,트와이스 원스
96,Hades9
97,JAG S0hwan
98,유내현
99,길동이에유
100,천천히올라감
101,YserAoA
102,RRRuleRRR
103,DAN Ggoong
104,Fabu
105,브리즈번
106,누구를 위한
107,PeanuToT
108,담원 쇼메이커
109,reMember Mistake
110,Greed A Pride
111,삼성갤럭시 cuvee
112,555555555554
113,Afreeca Kuro
114,풀 뜯는 미드
115,SOLCA1
116,세메론
117,마산가자
118,Peanut
119,Bbrother
120,작전동 노란머리
121,우철짱123
122,GuGer
123,춘봉박
124,Veritas522
125,튀자튀자아
126,Removed Enterkey
127,뽀오뽀오
128,Possible tts
129,피넛사냥개2
130,Heart
131,Algorism
132,암고잉빽투더스탙
133,귤렐루야
134,7hal
135,퓨 Zl
136,8강따리미드
137,By myself
138,꾸자니 똑땅해
139,zaqzxcazxcv
140,종학윙
141,I am ZIatan
142,좋은날
143,JAG SnowFlower
144,삼성갤럭시 하루
145,Rain1ng
146,Wawa
147,쿠소만화 보따리
148,UcaL
149,삶이힘든사람
150,FeelsDaydayMan
151,BtC Joker
152,민호야 보고싶다
153,Nova1
154,마이엠브
155,김메피
156,MVP Max
157,분당고 엄성현
158,삼성갤럭시CoreJJ
159,카페베네설탕도둑
160,900점 복구포기
161,sanspareil1
162,설랜다 Me Likey
163,Iime
164,해강고원딜 팬
165,Axiyo
166,GALAAAA
167,ROX Se0ngHwan
168,TnTeddy
169,구름꽃길만걷자
170,Find Realey
171,아라스톨
172,므라기2
173,땅우양
174,1427538696835724
175,MinKOOK2
176,Xavelin
177,많이 보고 싶어요
178,덤벼보던가
179,챌도못찍냐
180,수기슈기슈기
181,DS XiaoPeng
182,킁킁킹캉킁
183,열심히할게요오
184,Destiny
185,mid push gogo
186,악시 뒷바라지
187,SKT T1 Huni
188,Mani eh MwH
189,사스갓지지
190,handcIap
191,FeelsCoffeeMan
192,king2n
193,어껭간만에찾아뵙
194,ZhanQiHuaYm
195,qweqasddasas
196,F1owArT
197,2018서폿챌도전
198,니달리버프좀해줘
199,Nantatata
200,L1sure
201,잠자구있어요
202,선비모드
203,챔프폭 늘리는중
204,ROX Mightybear
205,Ellim7
206,SKT T1 WoIf
207,Fotune
208,검은머리사나이
209,5gak
210,우에하라 크롱
211,비 브이 오 와이
212,Deft1
213,fndasjkfkqw
214,KDM Secret
215,Eth4n
216,담원 호잇이
217,그러면안돼요짜샤
218,Tank KK
219,Bvoy
220,MooJin
221,kenzhu9
222,김기인박수
223,귀여운안지영
224,점점나의마음이끌
225,혼자해도충분하다
226,DaYE
227,IGS Dasher
228,너와나의연결Gori
229,삼성갤럭시 Ru1er
230,Plz No Die
231,Excal1bur1
232,깜빡졸음번쩍저승
233,스마트섹시뷰티
234,NekoL
235,ROX Sangyoon
236,Heiz4
237,hard girl
238,나는야 누구일까
239,Twink1e
240,FeelsLovelyMan
241,구직자 zzus
242,쌀국수뚝붸기
243,124124356452
244,Koed OwO
245,Detiny
246,Here we go
247,우지나 나 갸영이
248,chirchri
249,성민콩
250,chijixuanshou
251,Kizunabc
252,jjijiijijljli
253,By 불비
254,아니 좋은 사람
255,쫄깃한 우동사리
256,으아으앙으아앙
257,BKKK
258,J Spectre G
259,kt Ucal
260,F0y
261,h1rb
262,FW Maple
263,안개 낀 미드
264,7 5
265,xaxaxaxaxa
266,ablela
267,진에어 저스티스
268,PuncHh
269,온몸에 담
270,이기자 할수있다
271,P2k Key
272,1987 Plls
273,옷벗고춤추고싶다
274,Boldness
275,Peecaboo
276,Rachel Berry
277,Like Waves
278,우르프rider
279,nekoneko1
280,제1막
281,최초공개할게요오
282,ktmgs
283,해강고 원딜
284,멍멍이2
285,Seroum
286,FW SwordArT
287,GALA
288,75387
289,Wilder
290,아테나찡
291,ROX 라바
292,나네쫓다꿈소년
293,Gon123
294,Tae nooh
295,21312312414214
296,STITCH2
297,최석배 사생팬
298,Yeeclipse
299,Reborn3
300,이치방츠요이야츠
301,지현이의빗자루
302,인정쓰
303,이제 졸려
304,Misdate
305,lover li
306,코w코
307,Xero
308,다시 돌아갈까요
309,요플래
310,선기박
311,FindMyse1f
312,wojiuyizhangzui
313,삼성갤럭시 Crown
314,하늘킹
315,귤수호자 만기
316,사 용 수
317,FeelsAwesomeMan
318,xiaolonda
319,GimGoon
320,Lvmao
321,Cepteddddddddddd
322,멘탈 실력 운
323,A weak youth
324,KDM PERT
325,18501159717
326,RSARTU
327,Nem2sis
328,승 로
329,Flyquest Flame
330,THE KING 2000
331,CrazySound
332,M1anhua
333,mide gui tou
334,VIP 민형
335,Lucete
336,상어가족
337,죠토마킹
338,bbq Ghost
339,7895123
340,학교밀베포친키
341,FeelsIronMan
342,LFT MID
343,baramgaebi
344,Meigui
345,duibuqiziji
346,wadid
347,감정이풍부한사람
348,마마돈워리
349,APK Rainbow
350,Kimimaro
351,ROX Lindarang
352,여청추
353,해운대잠만보
354,kfo
355,161561
356,세상만사내리막길
357,ad only plz
358,LinLan
359,pi9
360,릴리스타나
361,Co1dplay
362,욘 드
363,kiyomia
364,살려줘요 형님아
365,laets
366,Mengqiuqiu
367,Jisu2
368,TeawaN
369,TeachersWu
370,Leelaa
371,말고 계속 항복
372,이야공
373,Shi  Yue
374,쓰레기새기들
375,보노보노와너구리
376,장난 꾸러기 돼지
377,Rousal
378,TOP아빠
379,호경모드
380,ADEPT1
381,매우뚱뚱한고양이
382,아트가 앗뜨거
383,메 끠
384,커피물조절장인
385,AKG Bene
386,바보팀원
387,Sakura Angel
388,6 18 5 25 1
389,w1sdom ovo
390,중요한건마음가짐
391,2Kano
392,나는야베이베이1
393,MeteorOvO
394,Do LaoN
395,수지Suzy
396,킬안주면꼬라박음
397,한쿡말알아
398,일견무시도성빈
399,혼자가 편해졌어
400,ysdgqxcj
401,9346
402,ZiviZiviZiviZ
403,Jin air Yaharong
404,챌린져 등반가
405,Jisu
406,GReenshower
407,Please find it
408,샤크사장
409,입이더러운사람
410,나에게 기회를
411,SKT T1 BIank
412,성혁님미드가신다
413,커소리어스나
414,mcmglllc
415,BtC RYAN
416,닷지장인 심포갓
417,Dingchenyu
418,Lehends
419,42175515del
420,BtC Hollow
421,나라카일
422,Swi1e
423,R4phael
424,ROX 곰
425,AAAA1234
426,J푸른하늘
427,갱만가드림
428,Eriol
429,win or win 
430,Alielie
431,티깨비
432,바보처럼 왜
433,wojuede OK
434,아이지 Rook1E
435,Fitsme
436,챌딱이
437,Z 2017 11 25
438,시공 여행자
439,네 명의 짐승 팀
440,와이제겜도재미잃
441,AP Innovation
442,항복 오빠
443,리인제이
444,HKA Riris
445,Nearly
446,박효신사생팬
447,자양동 빅 가스맨
448,CooN
449,YOYOuuuuuO
450,문장 분석기
451,Eyes
452,아 백
453,JackeyLove
454,wo yao qu daye
455,doid
456,MSC TRY
457,뚱이 서폿
458,집밖에나갈일없음
459,supbest
460,Permaban10161186
461,후으으으에에엥
462,sqb
463,pppyp
464,이도류
465,담원 너굴맨
466,HanGuo Xiao Daye
467,wjhfjihtiu
468,혼자혼자
469,p1g farm
470,JAG Wraith
471,The shy
472,퇴근언제하지
473,Believe in Allah
474,라인전이기니갱와
475,찹 또
476,XinMo
477,Haemam
478,하영이꼬봉
479,Jacen
480,광지니형개잘함
481,갱꼬삼실화냐
482,Awe BarOh
483,WangChen
484,수입뿌드
485,강고릴
486,뽀허니
487,숲속거인
488,Excuse
489,Iicorice
490,양팡우
491,웨이 지안
492,Sun이라는 별
493,wdmdsyqf
494,쁘띠예리사랑해요
495,고양이못함
496,STITCH1
497,Fission 
498,7nian xing
499,KDM 유준
500,Sake of it
501,259x
502,제혀니 똑땅해
503,당신을 영원히
504,Co2dplay
505,Pyrex k
506,Creative Self
507,킹갓엠페러무진
508,응와애
509,Permaban10162734
510,구직자1
511,bbq Crazy
512,1112213311
513,달래는 지영이
514,rainbow321
515,성욱쟝
516,Cheers
517,열심히하겠슴다
518,사랑했던날
519,mianma
520,콩콩2 콩콩2
521,010723
522,jinwandalaohu
523,Murthh
524,뿡뿡뿡뿡뿡쁑
525,뱃살만찌는사람
526,18 01 1000 X D
527,Kazuki Kazami
528,ART PLUS
529,똥좀싸겟다
530,내 마음 아프니까
531,대왕초밥
532,비트는기리보이
533,asfd12
534,Avicii fans
535,Super Secret
536,벤센트불탄
537,댈지어다
538,콜라로리필
539,Maerc
540,우주제일미소녀
541,Declare
542,991126
543,참자성준아
544,Delicious Fish
545,DDDDNNNN
546,RVS Gori
547,SSG Ambiton
548,악어새
549,SmartPilot
550,VTG FIFA
551,곽 나훈
552,ApexOx
553,Sim Student
554,JustLikeThat
555,love left
556,She Jinping
557,StephanMoo
558,JAG UmTi
559,FreePrey
560,AD Talon Carry
561,기리기리기억되리
562,chi le kou shi
563,엠비션 당신은 
564,du jia0 shou
565,ROYG
566,BadeMan
567,범 님
568,Gambit Support
569,R0ver
570,마부두파
571,Maan de st 
572,Empmuyi
573,소추소심
574,1414774182
575,까치설
576,wo liang le
577,1 Peak
578,아삭아삭아삭
579,무질량
580,Lgp
581,Siste aeterno
582,gragas zz
583,wowannimane
584,마지막으로해볼게
585,SP님이다
586,addddddddddc
587,Dyba1a want win 
588,IIs AP SuB
589,God보보
590,Alun
591,홍 끼
592,이승주
593,비타s
594,V1cissitvsdes
595,Toby Grimditch
596,이 차가 식기전에
597,I SUHU I
598,욕설왕 퍼킹
599,so nihao zaijian
600,Sup Dara
601,나 정말 요리
602,신비자
603,Gonezz
604,와치만나면트롤
605,Republic123
606,레오나 9단
607,101동 802호
608,Beauty
609,단풍잎 비가 내려
610,FISHBALLL
611,PaldAl
612,munch much
613,heeseong
614,두 런
615,악마검
616,하늘색날개
617,BtC Hipo
618,Permaban10156602
619,시즌8빡고수ad1
620,sweetygirl
621,돌리기
622,LnD 섹지드
623,집중의문제다
624,secpe
625,분실 된 지혜
626,망고코코아
627,서 행
628,Diamondprox1
629,이재훈다딱
630,의 주
631,챌 희
632,iotjeun01
633,ESRS10
634,짱귀요미직스
635,범범 사랑해
636,항물파전
637,Nari
638,전설의jvq
639,Riyon
640,커피배달요기요
641,playpeace
642,YoudangXQiao
643,송중기오빠
644,세이미ToT
645,Shiroma Anna
646,LeonaMaestro
647,여최미
648,Rabbit312
649,댕청잇
650,지아소
651,유튜브 샤코타임
652,행운의 변화
653,Scarlet Fox
654,200점달고닉변
655,응얘맨
656,끄로우
657,immmmmm
658,철이컴퍼니
659,spark01
660,세젤예 혜린
661,AD ParkJongWoo
662,구운몽임
663,앙 소졍띠
664,리포링
665,FJHGGJ
666,프제짱
667,day 태갑
668,류혜원
669,정글노바
670,FGO
671,Privatstunden
672,사다코
673,엄청강한 올빼미
674,98 06 26
675,이책인지심책기
676,가을이 오는 날
677,아우라백
678,감자갓
679,고 십
680,Rishi
681,심심풀이 남신
682,스누피808
683,벽을파괴하는사람
684,SQU4SH
685,Instant Vintage
686,해머쇼크
687,lwan
688,킹킹킁캉킁
689,마레말해뭘말해
690,572471165
691,2001 04 30
692,으잉7
693,I CanT Die
694,뚜시따시푸슈파팍
695,LeonaMaster
696,사실지고싶지않음
697,FB Frozen
698,atlenismydaddy
699,미미아파트
700,망고가비싸고망
701,만덕아
702,앙 땅굴띠
703,미드가내현
704,외로운방안
705,새우사주새우
706,lch libe dich
707,오늘메뉴소세지
708,노 빅
709,장난감북치는토끼
710,Wzxhhan
711,허를 찌르는 갱킹
712,오락해요
713,인생개뀰
714,숨쉰채발견됨
715,Dahrla
716,춍 하 
717,42780432del
718,Xcar1et
719, Zune Bay
720,coldplay1
721,병아링
722,Douglas Killer
723,CiGrip
724,mom boom mid
725,에어맨
726,The Frigate
727,Zve
728,큐 띵
729,저녁인사는곰방와
730,창 그리고 활
731,A1Te
732,하늘별자리
733,kpyh5
734,송중기범
735,Luo Zhi Yun
736,Yumemiru Shonen
737,부 권
738,Center Pole
739,Apprentice Gamer
740,I Must Go Top
741,KDM Edge
742,입닫고빵이나먹어
743,안락주민
744,판 친
745,잎새달 열이틀
746,play ni ma sup
747,mentalboomKid
748,Ums4
749,포차이니즈켄트윈
750,도넛주세요
751,Skype
752,위라이크투파뤠
753,Jixingde
754,Labixiaoxin
755,yiwancibeishang
756,일 편
757,Tone Deaf
758,pipidan
759,항 티모띠
760,Expession
761,TaNa OuO
762,Tw1ch
763,모데 BOT
764,턱살볼살뱃살
765,SEN 다5딱의개
766,귀찮지않아
767,Gbin
768,갬 성
769,꼬맹이전쟁
770,Good luck c
771,Fly
772,등 따신 개구리
773,aeternitas
774,BBD dog
775,오함마드알리
776,격세지감
777,그리워 지친 날
778,뭐든지화이팅
779,멍수딘
780,pushopush
781,Kabishou
782,iG루키
783,MOON 5
784,호주 AD
785,Kininary
786,잡채밥과마파두부
787,백수아싸오타쿠
788,AsGod
789,정관대가리봉재현
790,칼날부리 친구들
791,어두운결과
792,SKT T1 뿡만두
793,RRRulyyy
794,정글짜짱
795,Niles
796,신비국수
797,Permaban00152248
798,sparkling 1
799,Pisces Male God
800,메가나르쿤
801,Solo Kill Top
802,zhong er bing
803,31 20 69
804,ReKhar
805,GEWINN1
806,멘탈깨자으쌰으쌰
807,P1ut0
808,우울한급식충
809,임나영 좋아요
810,가구공장
811,warm owo
812,강 츄
813,IGS Coli
814,Hawk Veritas
815,강희엄마반찬안해
816,퍼플팀 공그
817,3991
818,리짓군즈yo
819,Eclipseh
820,엉덩국 갱승제로
821,STM Achu 
822,아우라백작
823,FANXXXY
824,틀니는딱딱딱
825,PINK
826,세이프a
827,yuanyouyuan
828,영광 스런 년
829,멸룡마도사 나츠
830,블리츄
831,바람의 늑대
832,원딜 비수
833,미 키
834,SEREND1P1TY
835,아내의 노복
836,이성조
837,무이무익
838,Sorrymybad2
839,엉덩국 데리버거
840,알리 SUP
841,YekDoolb
842,사람이길포기함
843,꿀 칸
844,fove
845,PTN Howin
846,사람인척해야
847,dbd2
848,등산혐오증
849,성준이형2
850,El psy Congro0
851,Tang shen
852,차라양
853,길 영
854,에포크
855,쌔배래가
856,오잉오이오잉오잉
857,IGS Bear
858,서울강남개포4동
859,조아해여
860,밥을꼭꼭씹어먹자
861,kkkiwi
862,HunterSH
863,슬픈 눈
864,천상계 미드
865,롤 이제 안해야지
866,Kuro유키
867,군밤갓
868,SongGoon
869,oahizdasfaswzxeo
870,코태는
871,땅콩엿
872,인정받는그날까지
873,말 모
874,아트플러스
875,chiren aaaaa
876,나랑랑이
877,Suntoong
878,Choi inSec
879,13김지훈
880,LoosiD
881,센터센터
882,물가루
883,asrw7
884,여러가지명수배
885,코코넛
886,하와이로
887,CatRats
888,lmjwedding
889,beet
890,DrizzIe
891,cbzOvO
892,단소소년
893,PHoBia002
894,지니는똑땅해
895,미안 그릇된
896,레리온드
897,tmfrl
898,42 조아
899,체 나
900,태박이
901,Iie low
902,후 누
903,액션이
904,프아뇨
905,이게뭔딜이지
906,SKT Tl Untara
907,Jon Sn0w
908,한쿡말몰라
909,열풍참
910,fa4er
911,쏠 플
912,top win
913,우셩셩
914,영쭌이다
915,Coin Flip Jg
916,A트록스
917,You n me
918,ATon
919,3년후돌아온철이
920,Twitch TV Beyou
921,허를 찌르는 킬각
922,머구의자랑배주현
923,나 믿고 들어가
924,쵸파갓
925,Curious PoP
926,이마딘
927,스노 하레이션
928,게임코치아카데미
929,FolLia
930,곰인형
931,hipFo
932,꾼 탁
933,DalMaT1an
934,boiled dumplings
935,FlaSH Lucifer
936,미드는버스나타셈
937,써거덩
938,gil2boy
939,야 쟤 미쳤나 봐
940,미 친 빙 닭
941,Wiz Regret
942,Anima 이유
943,키173cm체중42kg
944,스눈이
945,Pz ZZang
946,강소라
947,수 노
948,게장은간장게장
949,0077777777
950,비철단도
951,zeus3377
952,당 신
953,헤 르
954,바켱낙
955,오래오레
956,세나의복수다탕탕
957,잎프맛
958,종탁이
959,용신2
960,pokeryo
961,mousse
962,항 심
963,목탁비트치는스님
964,KlNG
965,나 너 좋아하나봐
966,이배린의 손과발
967,YanXuan
968,갱승 무엇
969,Pilott
970,Hu Ya 2A
971,진에어 양은지
972,다요뜨
973,성제경
974,은평구 늙지컬
975,개꿀맛
976,살짝데쳐볶은우엉
977,아오스리즈
978,Firework37
979,동쁜이 부하7호
980,벨라트릭쓰
981,16 3 gogogogogo
982,Gou qi de dog
983,sdnehel
984,WOOAK
985,KaYeeBbbbb
986,방침전면 신재록
987,여성기사요
988,o만찐두빵0
989,nideqinglai
990,현 실
991,ROHZ
992,쵸재깅
993,bdosin
994,Cy97
